{
  "rho": -0.38209359381568453,
  "p_two": 0.1775922803996626,
  "p_one": 0.0887961401998313,
  "r_pearson": -0.30780494144347315,
  "p_pearson": 0.2843526728980227,
  "ci": [
    -0.8490166146624893,
    0.24428351119073774
  ],
  "N": 14
}