{
  "test1_genome": {
    "fold": 16.58255227108868,
    "p": 8.421258447867891e-47,
    "k": 46,
    "n": 76,
    "K": 730,
    "N": 20000
  },
  "test2_kegg": {
    "fold": 72.45864661654136,
    "p": 6.953389987276341e-79,
    "k": 46,
    "n": 76,
    "K": 140,
    "N": 16760
  },
  "test3_fisher": {
    "OR": 259.68095238095236,
    "p": 3.1861265347815987e-78,
    "table": [
      [
        46,
        30
      ],
      [
        98,
        16597
      ]
    ]
  },
  "test4_overlap": {
    "both_cgc": 29,
    "nfl_only_cgc": 17,
    "paper1_only_cgc": 57,
    "nfl_in_paper1": 31,
    "nfl_new": 45
  },
  "test5_crosstalk": {
    "OR": 5.205128205128205,
    "p": 0.13686603731588853,
    "n_crosstalk": 8
  }
}