{
  "summary": {
    "n_motifs": 128,
    "n_modules_kegg": 59,
    "n_unique_pathway_labels": 14,
    "network_nodes": 128,
    "network_edges": 2042,
    "network_density": 0.2512303149606299,
    "n_connected_components": 8,
    "louvain_source": "networkx"
  },
  "louvain_by_resolution": {
    "0.5": {
      "ARI": 0.2321124368746895,
      "Q": 0.23933304060310434,
      "n_communities": 9,
      "ARI_vs_pathway_label": 0.8984273298197898
    },
    "1.0": {
      "ARI": 0.44849678512809626,
      "Q": 0.3923536736385871,
      "n_communities": 10,
      "ARI_vs_pathway_label": 0.48285626175662527
    },
    "1.5": {
      "ARI": 0.5825729962372035,
      "Q": 0.29611439789039223,
      "n_communities": 16,
      "ARI_vs_pathway_label": 0.18373615651574618
    }
  },
  "resolution_1_0": {
    "modularity_Q": 0.3923536736385871,
    "n_communities": 10,
    "communities": [
      {
        "community_idx": 1,
        "n_motifs": 40,
        "motif_ids": [
          8,
          9,
          10,
          11,
          12,
          13,
          76,
          77,
          78,
          79,
          80,
          81,
          82,
          83,
          84,
          85,
          86,
          87,
          88,
          89,
          90,
          91,
          92,
          93,
          94,
          95,
          96,
          97,
          98,
          99,
          100,
          101,
          102,
          103,
          104,
          105,
          106,
          107,
          108,
          109
        ],
        "motifs_genes": [
          "STAT3|CISH",
          "STAT3|SOCS4",
          "STAT3|SOCS7",
          "STAT3|SOCS1",
          "STAT3|SOCS6",
          "STAT3|SOCS5",
          "STAT3|STAT1|CISH",
          "STAT3|STAT1|SOCS4",
          "STAT3|STAT1|SOCS7",
          "STAT3|STAT1|SOCS1",
          "STAT3|STAT1|SOCS6",
          "STAT3|STAT1|SOCS5",
          "STAT3|STAT5A|CISH",
          "STAT3|STAT5A|SOCS4",
          "STAT3|STAT5A|SOCS7",
          "STAT3|STAT5A|SOCS1",
          "STAT3|STAT5A|SOCS6",
          "STAT3|STAT5A|SOCS5",
          "STAT3|STAT5B|CISH",
          "STAT3|STAT5B|SOCS4",
          "STAT3|STAT5B|SOCS7",
          "STAT3|STAT5B|SOCS1",
          "STAT3|STAT5B|SOCS6",
          "STAT3|STAT5B|SOCS5",
          "STAT3|CISH|PRLR",
          "STAT3|SOCS4|JAK1",
          "STAT3|SOCS4|TYK2",
          "STAT3|SOCS4|JAK2",
          "STAT3|SOCS7|JAK1",
          "STAT3|SOCS7|TYK2",
          "STAT3|SOCS7|JAK2",
          "STAT3|SOCS1|JAK1",
          "STAT3|SOCS1|TYK2",
          "STAT3|SOCS1|JAK2",
          "STAT3|SOCS6|JAK1",
          "STAT3|SOCS6|TYK2",
          "STAT3|SOCS6|JAK2",
          "STAT3|SOCS5|JAK1",
          "STAT3|SOCS5|TYK2",
          "STAT3|SOCS5|JAK2"
        ],
        "all_genes": [
          "CISH",
          "JAK1",
          "JAK2",
          "PRLR",
          "SOCS1",
          "SOCS4",
          "SOCS5",
          "SOCS6",
          "SOCS7",
          "STAT1",
          "STAT3",
          "STAT5A",
          "STAT5B",
          "TYK2"
        ],
        "n_genes": 14,
        "top_genes_by_frequency": [
          "STAT3",
          "SOCS4",
          "SOCS7",
          "SOCS1",
          "SOCS6",
          "SOCS5",
          "STAT1",
          "STAT5A",
          "STAT5B",
          "CISH"
        ],
        "auto_label": "STAT3/SOCS4/SOCS7",
        "kegg_pathway_composition": {
          "JAK-STAT/SOCS": 40
        },
        "dominant_kegg_pathway": "JAK-STAT/SOCS"
      },
      {
        "community_idx": 2,
        "n_motifs": 29,
        "motif_ids": [
          0,
          1,
          2,
          3,
          24,
          25,
          26,
          27,
          28,
          29,
          30,
          31,
          32,
          33,
          34,
          35,
          36,
          37,
          38,
          41,
          42,
          43,
          44,
          45,
          46,
          47,
          48,
          49,
          50
        ],
        "motifs_genes": [
          "SOCS3|STAT1",
          "SOCS3|STAT3",
          "SOCS3|STAT5A",
          "SOCS3|STAT5B",
          "SOCS3|JAK1|STAT1",
          "SOCS3|JAK1|STAT2",
          "SOCS3|JAK1|STAT3",
          "SOCS3|JAK1|STAT5A",
          "SOCS3|JAK1|STAT5B",
          "SOCS3|TYK2|STAT1",
          "SOCS3|TYK2|STAT2",
          "SOCS3|TYK2|STAT3",
          "SOCS3|TYK2|STAT5B",
          "SOCS3|TYK2|STAT5A",
          "SOCS3|JAK2|STAT1",
          "SOCS3|JAK2|STAT2",
          "SOCS3|JAK2|STAT3",
          "SOCS3|JAK2|STAT5B",
          "SOCS3|JAK2|STAT5A",
          "SOCS3|STAT1|STAT2",
          "SOCS3|STAT1|STAT3",
          "SOCS3|STAT1|STAT5A",
          "SOCS3|STAT1|STAT5B",
          "SOCS3|STAT3|STAT5A",
          "SOCS3|STAT3|STAT5B",
          "SOCS3|STAT5A|STAT5B",
          "SOCS3|LEPR|STAT3",
          "SOCS3|LEPR|STAT5A",
          "SOCS3|LEPR|STAT5B"
        ],
        "all_genes": [
          "JAK1",
          "JAK2",
          "LEPR",
          "SOCS3",
          "STAT1",
          "STAT2",
          "STAT3",
          "STAT5A",
          "STAT5B",
          "TYK2"
        ],
        "n_genes": 10,
        "top_genes_by_frequency": [
          "SOCS3",
          "STAT1",
          "STAT3",
          "STAT5A",
          "STAT5B",
          "JAK1",
          "TYK2",
          "JAK2",
          "STAT2",
          "LEPR"
        ],
        "auto_label": "SOCS3/STAT1/STAT3",
        "kegg_pathway_composition": {
          "JAK-STAT/SOCS": 29
        },
        "dominant_kegg_pathway": "JAK-STAT/SOCS"
      },
      {
        "community_idx": 3,
        "n_motifs": 22,
        "motif_ids": [
          4,
          5,
          39,
          40,
          51,
          52,
          53,
          54,
          55,
          56,
          57,
          64,
          65,
          66,
          67,
          68,
          69,
          70,
          71,
          72,
          73,
          74
        ],
        "motifs_genes": [
          "SMAD7|SMAD2",
          "SMAD7|SMAD3",
          "SOCS3|JAK2|MAPK1",
          "SOCS3|CSF1R|MAPK1",
          "SMAD7|SMAD2|SMAD4",
          "SMAD7|SMAD3|SMAD4",
          "SMAD7|SMAD1|SMAD4",
          "SMAD7|SMAD5|SMAD4",
          "SMAD7|TGFBR1|SMAD3",
          "SMAD7|TGFBR1|SMAD2",
          "SMAD7|TGFBR1|SMAD4",
          "MAPK1|MAPK14|AKT3",
          "MAPK1|MAPK14|AKT1",
          "MAPK1|MAPK14|AKT2",
          "MAPK1|SMAD2|BMPR1A",
          "MAPK1|SMAD2|BMPR1B",
          "MAPK1|SMAD2|BMPR2",
          "MAPK1|SMAD3|BMPR1A",
          "MAPK1|SMAD3|BMPR1B",
          "MAPK1|SMAD3|BMPR2",
          "MAPK1|SOCS1|JAK2",
          "MAPK1|SOCS1|CSF1R"
        ],
        "all_genes": [
          "AKT1",
          "AKT2",
          "AKT3",
          "BMPR1A",
          "BMPR1B",
          "BMPR2",
          "CSF1R",
          "JAK2",
          "MAPK1",
          "MAPK14",
          "SMAD1",
          "SMAD2",
          "SMAD3",
          "SMAD4",
          "SMAD5",
          "SMAD7",
          "SOCS1",
          "SOCS3",
          "TGFBR1"
        ],
        "n_genes": 19,
        "top_genes_by_frequency": [
          "MAPK1",
          "SMAD7",
          "SMAD2",
          "SMAD3",
          "SMAD4",
          "MAPK14",
          "TGFBR1",
          "BMPR1A",
          "BMPR1B",
          "BMPR2"
        ],
        "auto_label": "MAPK1/SMAD7/SMAD2",
        "kegg_pathway_composition": {
          "MAPK/ERK": 3,
          "BMP/SMAD": 6,
          "JAK-STAT/SOCS": 4,
          "TGF-\u03b2/SMAD": 9
        },
        "dominant_kegg_pathway": "TGF-\u03b2/SMAD"
      },
      {
        "community_idx": 4,
        "n_motifs": 18,
        "motif_ids": [
          14,
          15,
          17,
          18,
          19,
          20,
          21,
          22,
          110,
          111,
          112,
          113,
          114,
          115,
          116,
          117,
          118,
          119
        ],